case_id,benchmark_id,family,label,mode,coeff,maxdim,threshold_label,threshold_value,matrix_size,distance_matrix_hash,point_cloud_hash,exact_all_libraries,mismatch_dimensions
tfim_obc_n4_g0p50__floating__p2__h1__selected,tfim_obc_n4_g0p50__floating,A,"TFIM OBC N=4, g=0.50",floating,2,1,selected,1.2427812645009748,4,38ff65464b09dd1fb2b06956acc00e3de7793446c02e28a0a709a3d9c6ac2b74,,False,0
tfim_obc_n4_g0p50__floating__p2__h1__full,tfim_obc_n4_g0p50__floating,A,"TFIM OBC N=4, g=0.50",floating,2,1,full,1.7594160005299657,4,38ff65464b09dd1fb2b06956acc00e3de7793446c02e28a0a709a3d9c6ac2b74,,False,"0,1"
tfim_obc_n4_g0p50__floating__p2__h2__selected,tfim_obc_n4_g0p50__floating,A,"TFIM OBC N=4, g=0.50",floating,2,2,selected,1.2427812645009748,4,38ff65464b09dd1fb2b06956acc00e3de7793446c02e28a0a709a3d9c6ac2b74,,False,0
tfim_obc_n4_g0p50__floating__p2__h2__full,tfim_obc_n4_g0p50__floating,A,"TFIM OBC N=4, g=0.50",floating,2,2,full,1.7594160005299657,4,38ff65464b09dd1fb2b06956acc00e3de7793446c02e28a0a709a3d9c6ac2b74,,False,"0,1,2"
tfim_obc_n4_g0p50__floating__p3__h1__selected,tfim_obc_n4_g0p50__floating,A,"TFIM OBC N=4, g=0.50",floating,3,1,selected,1.2427812645009748,4,38ff65464b09dd1fb2b06956acc00e3de7793446c02e28a0a709a3d9c6ac2b74,,False,0
tfim_obc_n4_g0p50__floating__p3__h1__full,tfim_obc_n4_g0p50__floating,A,"TFIM OBC N=4, g=0.50",floating,3,1,full,1.7594160005299657,4,38ff65464b09dd1fb2b06956acc00e3de7793446c02e28a0a709a3d9c6ac2b74,,False,"0,1"
tfim_obc_n4_g0p50__floating__p3__h2__selected,tfim_obc_n4_g0p50__floating,A,"TFIM OBC N=4, g=0.50",floating,3,2,selected,1.2427812645009748,4,38ff65464b09dd1fb2b06956acc00e3de7793446c02e28a0a709a3d9c6ac2b74,,False,0
tfim_obc_n4_g0p50__floating__p3__h2__full,tfim_obc_n4_g0p50__floating,A,"TFIM OBC N=4, g=0.50",floating,3,2,full,1.7594160005299657,4,38ff65464b09dd1fb2b06956acc00e3de7793446c02e28a0a709a3d9c6ac2b74,,False,"0,1,2"
tfim_obc_n4_g0p50__quantized__p2__h1__selected,tfim_obc_n4_g0p50__quantized,A,"TFIM OBC N=4, g=0.50",quantized,2,1,selected,1.2431640625,4,50b73af87c25e8e2562bab820ebd2e7b35eb9830bcaf222ec9eaef699a80697c,,True,
tfim_obc_n4_g0p50__quantized__p2__h1__full,tfim_obc_n4_g0p50__quantized,A,"TFIM OBC N=4, g=0.50",quantized,2,1,full,1.759765625,4,50b73af87c25e8e2562bab820ebd2e7b35eb9830bcaf222ec9eaef699a80697c,,False,1
tfim_obc_n4_g0p50__quantized__p2__h2__selected,tfim_obc_n4_g0p50__quantized,A,"TFIM OBC N=4, g=0.50",quantized,2,2,selected,1.2431640625,4,50b73af87c25e8e2562bab820ebd2e7b35eb9830bcaf222ec9eaef699a80697c,,True,
tfim_obc_n4_g0p50__quantized__p2__h2__full,tfim_obc_n4_g0p50__quantized,A,"TFIM OBC N=4, g=0.50",quantized,2,2,full,1.759765625,4,50b73af87c25e8e2562bab820ebd2e7b35eb9830bcaf222ec9eaef699a80697c,,False,"1,2"
tfim_obc_n4_g0p50__quantized__p3__h1__selected,tfim_obc_n4_g0p50__quantized,A,"TFIM OBC N=4, g=0.50",quantized,3,1,selected,1.2431640625,4,50b73af87c25e8e2562bab820ebd2e7b35eb9830bcaf222ec9eaef699a80697c,,True,
tfim_obc_n4_g0p50__quantized__p3__h1__full,tfim_obc_n4_g0p50__quantized,A,"TFIM OBC N=4, g=0.50",quantized,3,1,full,1.759765625,4,50b73af87c25e8e2562bab820ebd2e7b35eb9830bcaf222ec9eaef699a80697c,,False,1
tfim_obc_n4_g0p50__quantized__p3__h2__selected,tfim_obc_n4_g0p50__quantized,A,"TFIM OBC N=4, g=0.50",quantized,3,2,selected,1.2431640625,4,50b73af87c25e8e2562bab820ebd2e7b35eb9830bcaf222ec9eaef699a80697c,,True,
tfim_obc_n4_g0p50__quantized__p3__h2__full,tfim_obc_n4_g0p50__quantized,A,"TFIM OBC N=4, g=0.50",quantized,3,2,full,1.759765625,4,50b73af87c25e8e2562bab820ebd2e7b35eb9830bcaf222ec9eaef699a80697c,,False,"1,2"
tfim_obc_n4_g1p00__floating__p2__h1__selected,tfim_obc_n4_g1p00__floating,A,"TFIM OBC N=4, g=1.00",floating,2,1,selected,2.2583205186323103,4,8f15607882459d876eaba31fb91593342004b25f34320f84828e13291a03a627,,False,0
tfim_obc_n4_g1p00__floating__p2__h1__full,tfim_obc_n4_g1p00__floating,A,"TFIM OBC N=4, g=1.00",floating,2,1,full,9.73791661636864,4,8f15607882459d876eaba31fb91593342004b25f34320f84828e13291a03a627,,False,"0,1"
tfim_obc_n4_g1p00__floating__p2__h2__selected,tfim_obc_n4_g1p00__floating,A,"TFIM OBC N=4, g=1.00",floating,2,2,selected,2.2583205186323103,4,8f15607882459d876eaba31fb91593342004b25f34320f84828e13291a03a627,,False,0
tfim_obc_n4_g1p00__floating__p2__h2__full,tfim_obc_n4_g1p00__floating,A,"TFIM OBC N=4, g=1.00",floating,2,2,full,9.73791661636864,4,8f15607882459d876eaba31fb91593342004b25f34320f84828e13291a03a627,,False,"0,1,2"
tfim_obc_n4_g1p00__floating__p3__h1__selected,tfim_obc_n4_g1p00__floating,A,"TFIM OBC N=4, g=1.00",floating,3,1,selected,2.2583205186323103,4,8f15607882459d876eaba31fb91593342004b25f34320f84828e13291a03a627,,False,0
tfim_obc_n4_g1p00__floating__p3__h1__full,tfim_obc_n4_g1p00__floating,A,"TFIM OBC N=4, g=1.00",floating,3,1,full,9.73791661636864,4,8f15607882459d876eaba31fb91593342004b25f34320f84828e13291a03a627,,False,"0,1"
tfim_obc_n4_g1p00__floating__p3__h2__selected,tfim_obc_n4_g1p00__floating,A,"TFIM OBC N=4, g=1.00",floating,3,2,selected,2.2583205186323103,4,8f15607882459d876eaba31fb91593342004b25f34320f84828e13291a03a627,,False,0
tfim_obc_n4_g1p00__floating__p3__h2__full,tfim_obc_n4_g1p00__floating,A,"TFIM OBC N=4, g=1.00",floating,3,2,full,9.73791661636864,4,8f15607882459d876eaba31fb91593342004b25f34320f84828e13291a03a627,,False,"0,1,2"
tfim_obc_n4_g1p00__quantized__p2__h1__selected,tfim_obc_n4_g1p00__quantized,A,"TFIM OBC N=4, g=1.00",quantized,2,1,selected,2.2587890625,4,b17ca8589e683af9da7d924df2e40fd3aded31caa45d06bd8d4142d61792f7aa,,True,
tfim_obc_n4_g1p00__quantized__p2__h1__full,tfim_obc_n4_g1p00__quantized,A,"TFIM OBC N=4, g=1.00",quantized,2,1,full,9.73828125,4,b17ca8589e683af9da7d924df2e40fd3aded31caa45d06bd8d4142d61792f7aa,,False,1
tfim_obc_n4_g1p00__quantized__p2__h2__selected,tfim_obc_n4_g1p00__quantized,A,"TFIM OBC N=4, g=1.00",quantized,2,2,selected,2.2587890625,4,b17ca8589e683af9da7d924df2e40fd3aded31caa45d06bd8d4142d61792f7aa,,True,
tfim_obc_n4_g1p00__quantized__p2__h2__full,tfim_obc_n4_g1p00__quantized,A,"TFIM OBC N=4, g=1.00",quantized,2,2,full,9.73828125,4,b17ca8589e683af9da7d924df2e40fd3aded31caa45d06bd8d4142d61792f7aa,,False,"1,2"
tfim_obc_n4_g1p00__quantized__p3__h1__selected,tfim_obc_n4_g1p00__quantized,A,"TFIM OBC N=4, g=1.00",quantized,3,1,selected,2.2587890625,4,b17ca8589e683af9da7d924df2e40fd3aded31caa45d06bd8d4142d61792f7aa,,True,
tfim_obc_n4_g1p00__quantized__p3__h1__full,tfim_obc_n4_g1p00__quantized,A,"TFIM OBC N=4, g=1.00",quantized,3,1,full,9.73828125,4,b17ca8589e683af9da7d924df2e40fd3aded31caa45d06bd8d4142d61792f7aa,,False,1
tfim_obc_n4_g1p00__quantized__p3__h2__selected,tfim_obc_n4_g1p00__quantized,A,"TFIM OBC N=4, g=1.00",quantized,3,2,selected,2.2587890625,4,b17ca8589e683af9da7d924df2e40fd3aded31caa45d06bd8d4142d61792f7aa,,True,
tfim_obc_n4_g1p00__quantized__p3__h2__full,tfim_obc_n4_g1p00__quantized,A,"TFIM OBC N=4, g=1.00",quantized,3,2,full,9.73828125,4,b17ca8589e683af9da7d924df2e40fd3aded31caa45d06bd8d4142d61792f7aa,,False,"1,2"
tfim_obc_n6_g0p50__floating__p2__h1__selected,tfim_obc_n6_g0p50__floating,A,"TFIM OBC N=6, g=0.50",floating,2,1,selected,1.2525237786025318,6,9f3351e65c9d89e3c8272c5e5846005822d2fa40b7ec1cc4531a29f59203b700,,False,"0,1"
tfim_obc_n6_g0p50__floating__p2__h1__full,tfim_obc_n6_g0p50__floating,A,"TFIM OBC N=6, g=0.50",floating,2,1,full,1.673685643721418,6,9f3351e65c9d89e3c8272c5e5846005822d2fa40b7ec1cc4531a29f59203b700,,False,"0,1"
tfim_obc_n6_g0p50__floating__p2__h2__selected,tfim_obc_n6_g0p50__floating,A,"TFIM OBC N=6, g=0.50",floating,2,2,selected,1.2525237786025318,6,9f3351e65c9d89e3c8272c5e5846005822d2fa40b7ec1cc4531a29f59203b700,,False,"0,1"
tfim_obc_n6_g0p50__floating__p2__h2__full,tfim_obc_n6_g0p50__floating,A,"TFIM OBC N=6, g=0.50",floating,2,2,full,1.673685643721418,6,9f3351e65c9d89e3c8272c5e5846005822d2fa40b7ec1cc4531a29f59203b700,,False,"0,1,2"
tfim_obc_n6_g0p50__floating__p3__h1__selected,tfim_obc_n6_g0p50__floating,A,"TFIM OBC N=6, g=0.50",floating,3,1,selected,1.2525237786025318,6,9f3351e65c9d89e3c8272c5e5846005822d2fa40b7ec1cc4531a29f59203b700,,False,"0,1"
tfim_obc_n6_g0p50__floating__p3__h1__full,tfim_obc_n6_g0p50__floating,A,"TFIM OBC N=6, g=0.50",floating,3,1,full,1.673685643721418,6,9f3351e65c9d89e3c8272c5e5846005822d2fa40b7ec1cc4531a29f59203b700,,False,"0,1"
tfim_obc_n6_g0p50__floating__p3__h2__selected,tfim_obc_n6_g0p50__floating,A,"TFIM OBC N=6, g=0.50",floating,3,2,selected,1.2525237786025318,6,9f3351e65c9d89e3c8272c5e5846005822d2fa40b7ec1cc4531a29f59203b700,,False,"0,1"
tfim_obc_n6_g0p50__floating__p3__h2__full,tfim_obc_n6_g0p50__floating,A,"TFIM OBC N=6, g=0.50",floating,3,2,full,1.673685643721418,6,9f3351e65c9d89e3c8272c5e5846005822d2fa40b7ec1cc4531a29f59203b700,,False,"0,1,2"
tfim_obc_n6_g0p50__quantized__p2__h1__selected,tfim_obc_n6_g0p50__quantized,A,"TFIM OBC N=6, g=0.50",quantized,2,1,selected,1.2529296875,6,9f3380f800feafb15b3bf4868ad2df476c4c818d96e5a4f013eadf7951cdc259,,False,1
tfim_obc_n6_g0p50__quantized__p2__h1__full,tfim_obc_n6_g0p50__quantized,A,"TFIM OBC N=6, g=0.50",quantized,2,1,full,1.673828125,6,9f3380f800feafb15b3bf4868ad2df476c4c818d96e5a4f013eadf7951cdc259,,False,1
tfim_obc_n6_g0p50__quantized__p2__h2__selected,tfim_obc_n6_g0p50__quantized,A,"TFIM OBC N=6, g=0.50",quantized,2,2,selected,1.2529296875,6,9f3380f800feafb15b3bf4868ad2df476c4c818d96e5a4f013eadf7951cdc259,,False,1
tfim_obc_n6_g0p50__quantized__p2__h2__full,tfim_obc_n6_g0p50__quantized,A,"TFIM OBC N=6, g=0.50",quantized,2,2,full,1.673828125,6,9f3380f800feafb15b3bf4868ad2df476c4c818d96e5a4f013eadf7951cdc259,,False,"1,2"
tfim_obc_n6_g0p50__quantized__p3__h1__selected,tfim_obc_n6_g0p50__quantized,A,"TFIM OBC N=6, g=0.50",quantized,3,1,selected,1.2529296875,6,9f3380f800feafb15b3bf4868ad2df476c4c818d96e5a4f013eadf7951cdc259,,False,1
tfim_obc_n6_g0p50__quantized__p3__h1__full,tfim_obc_n6_g0p50__quantized,A,"TFIM OBC N=6, g=0.50",quantized,3,1,full,1.673828125,6,9f3380f800feafb15b3bf4868ad2df476c4c818d96e5a4f013eadf7951cdc259,,False,1
tfim_obc_n6_g0p50__quantized__p3__h2__selected,tfim_obc_n6_g0p50__quantized,A,"TFIM OBC N=6, g=0.50",quantized,3,2,selected,1.2529296875,6,9f3380f800feafb15b3bf4868ad2df476c4c818d96e5a4f013eadf7951cdc259,,False,1
tfim_obc_n6_g0p50__quantized__p3__h2__full,tfim_obc_n6_g0p50__quantized,A,"TFIM OBC N=6, g=0.50",quantized,3,2,full,1.673828125,6,9f3380f800feafb15b3bf4868ad2df476c4c818d96e5a4f013eadf7951cdc259,,False,"1,2"
tfim_obc_n6_g1p00__floating__p2__h1__selected,tfim_obc_n6_g1p00__floating,A,"TFIM OBC N=6, g=1.00",floating,2,1,selected,4.571710545762174,6,25887e7945644db9eab11e660e71c6fb097358f786c4ac6797650da7a153a049,,False,"0,1"
tfim_obc_n6_g1p00__floating__p2__h1__full,tfim_obc_n6_g1p00__floating,A,"TFIM OBC N=6, g=1.00",floating,2,1,full,21.87969489144892,6,25887e7945644db9eab11e660e71c6fb097358f786c4ac6797650da7a153a049,,False,"0,1"
tfim_obc_n6_g1p00__floating__p2__h2__selected,tfim_obc_n6_g1p00__floating,A,"TFIM OBC N=6, g=1.00",floating,2,2,selected,4.571710545762174,6,25887e7945644db9eab11e660e71c6fb097358f786c4ac6797650da7a153a049,,False,"0,1"
tfim_obc_n6_g1p00__floating__p2__h2__full,tfim_obc_n6_g1p00__floating,A,"TFIM OBC N=6, g=1.00",floating,2,2,full,21.87969489144892,6,25887e7945644db9eab11e660e71c6fb097358f786c4ac6797650da7a153a049,,False,"0,1,2"
tfim_obc_n6_g1p00__floating__p3__h1__selected,tfim_obc_n6_g1p00__floating,A,"TFIM OBC N=6, g=1.00",floating,3,1,selected,4.571710545762174,6,25887e7945644db9eab11e660e71c6fb097358f786c4ac6797650da7a153a049,,False,"0,1"
tfim_obc_n6_g1p00__floating__p3__h1__full,tfim_obc_n6_g1p00__floating,A,"TFIM OBC N=6, g=1.00",floating,3,1,full,21.87969489144892,6,25887e7945644db9eab11e660e71c6fb097358f786c4ac6797650da7a153a049,,False,"0,1"
tfim_obc_n6_g1p00__floating__p3__h2__selected,tfim_obc_n6_g1p00__floating,A,"TFIM OBC N=6, g=1.00",floating,3,2,selected,4.571710545762174,6,25887e7945644db9eab11e660e71c6fb097358f786c4ac6797650da7a153a049,,False,"0,1"
tfim_obc_n6_g1p00__floating__p3__h2__full,tfim_obc_n6_g1p00__floating,A,"TFIM OBC N=6, g=1.00",floating,3,2,full,21.87969489144892,6,25887e7945644db9eab11e660e71c6fb097358f786c4ac6797650da7a153a049,,False,"0,1,2"
tfim_obc_n6_g1p00__quantized__p2__h1__selected,tfim_obc_n6_g1p00__quantized,A,"TFIM OBC N=6, g=1.00",quantized,2,1,selected,4.5712890625,6,49ff68439dd04efb0cb5af4c502a622209516d419c2677147fc692356a339360,,False,1
tfim_obc_n6_g1p00__quantized__p2__h1__full,tfim_obc_n6_g1p00__quantized,A,"TFIM OBC N=6, g=1.00",quantized,2,1,full,21.8798828125,6,49ff68439dd04efb0cb5af4c502a622209516d419c2677147fc692356a339360,,False,1
tfim_obc_n6_g1p00__quantized__p2__h2__selected,tfim_obc_n6_g1p00__quantized,A,"TFIM OBC N=6, g=1.00",quantized,2,2,selected,4.5712890625,6,49ff68439dd04efb0cb5af4c502a622209516d419c2677147fc692356a339360,,False,1
tfim_obc_n6_g1p00__quantized__p2__h2__full,tfim_obc_n6_g1p00__quantized,A,"TFIM OBC N=6, g=1.00",quantized,2,2,full,21.8798828125,6,49ff68439dd04efb0cb5af4c502a622209516d419c2677147fc692356a339360,,False,"1,2"
tfim_obc_n6_g1p00__quantized__p3__h1__selected,tfim_obc_n6_g1p00__quantized,A,"TFIM OBC N=6, g=1.00",quantized,3,1,selected,4.5712890625,6,49ff68439dd04efb0cb5af4c502a622209516d419c2677147fc692356a339360,,False,1
tfim_obc_n6_g1p00__quantized__p3__h1__full,tfim_obc_n6_g1p00__quantized,A,"TFIM OBC N=6, g=1.00",quantized,3,1,full,21.8798828125,6,49ff68439dd04efb0cb5af4c502a622209516d419c2677147fc692356a339360,,False,1
tfim_obc_n6_g1p00__quantized__p3__h2__selected,tfim_obc_n6_g1p00__quantized,A,"TFIM OBC N=6, g=1.00",quantized,3,2,selected,4.5712890625,6,49ff68439dd04efb0cb5af4c502a622209516d419c2677147fc692356a339360,,False,1
tfim_obc_n6_g1p00__quantized__p3__h2__full,tfim_obc_n6_g1p00__quantized,A,"TFIM OBC N=6, g=1.00",quantized,3,2,full,21.8798828125,6,49ff68439dd04efb0cb5af4c502a622209516d419c2677147fc692356a339360,,False,"1,2"
tfim_pbc_n4_g0p50__floating__p2__h1__selected,tfim_pbc_n4_g0p50__floating,A,"TFIM PBC N=4, g=0.50",floating,2,1,selected,1.119133843184316,4,3512251ede57c0736500b2c075279f1e3be4adafd406694b1f21bd0967660530,,False,"0,1"
tfim_pbc_n4_g0p50__floating__p2__h1__full,tfim_pbc_n4_g0p50__floating,A,"TFIM PBC N=4, g=0.50",floating,2,1,full,1.1405648750053994,4,3512251ede57c0736500b2c075279f1e3be4adafd406694b1f21bd0967660530,,False,"0,1"
tfim_pbc_n4_g0p50__floating__p2__h2__selected,tfim_pbc_n4_g0p50__floating,A,"TFIM PBC N=4, g=0.50",floating,2,2,selected,1.119133843184316,4,3512251ede57c0736500b2c075279f1e3be4adafd406694b1f21bd0967660530,,False,"0,1"
tfim_pbc_n4_g0p50__floating__p2__h2__full,tfim_pbc_n4_g0p50__floating,A,"TFIM PBC N=4, g=0.50",floating,2,2,full,1.1405648750053994,4,3512251ede57c0736500b2c075279f1e3be4adafd406694b1f21bd0967660530,,False,"0,1,2"
tfim_pbc_n4_g0p50__floating__p3__h1__selected,tfim_pbc_n4_g0p50__floating,A,"TFIM PBC N=4, g=0.50",floating,3,1,selected,1.119133843184316,4,3512251ede57c0736500b2c075279f1e3be4adafd406694b1f21bd0967660530,,False,"0,1"
tfim_pbc_n4_g0p50__floating__p3__h1__full,tfim_pbc_n4_g0p50__floating,A,"TFIM PBC N=4, g=0.50",floating,3,1,full,1.1405648750053994,4,3512251ede57c0736500b2c075279f1e3be4adafd406694b1f21bd0967660530,,False,"0,1"
tfim_pbc_n4_g0p50__floating__p3__h2__selected,tfim_pbc_n4_g0p50__floating,A,"TFIM PBC N=4, g=0.50",floating,3,2,selected,1.119133843184316,4,3512251ede57c0736500b2c075279f1e3be4adafd406694b1f21bd0967660530,,False,"0,1"
tfim_pbc_n4_g0p50__floating__p3__h2__full,tfim_pbc_n4_g0p50__floating,A,"TFIM PBC N=4, g=0.50",floating,3,2,full,1.1405648750053994,4,3512251ede57c0736500b2c075279f1e3be4adafd406694b1f21bd0967660530,,False,"0,1,2"
tfim_pbc_n4_g0p50__quantized__p2__h1__selected,tfim_pbc_n4_g0p50__quantized,A,"TFIM PBC N=4, g=0.50",quantized,2,1,selected,1.119140625,4,499f4a50645bb879c7d11bef88e7c03c1206d892b87b035c08f9450c923610e2,,True,
tfim_pbc_n4_g0p50__quantized__p2__h1__full,tfim_pbc_n4_g0p50__quantized,A,"TFIM PBC N=4, g=0.50",quantized,2,1,full,1.140625,4,499f4a50645bb879c7d11bef88e7c03c1206d892b87b035c08f9450c923610e2,,False,1
tfim_pbc_n4_g0p50__quantized__p2__h2__selected,tfim_pbc_n4_g0p50__quantized,A,"TFIM PBC N=4, g=0.50",quantized,2,2,selected,1.119140625,4,499f4a50645bb879c7d11bef88e7c03c1206d892b87b035c08f9450c923610e2,,True,
tfim_pbc_n4_g0p50__quantized__p2__h2__full,tfim_pbc_n4_g0p50__quantized,A,"TFIM PBC N=4, g=0.50",quantized,2,2,full,1.140625,4,499f4a50645bb879c7d11bef88e7c03c1206d892b87b035c08f9450c923610e2,,False,"1,2"
tfim_pbc_n4_g0p50__quantized__p3__h1__selected,tfim_pbc_n4_g0p50__quantized,A,"TFIM PBC N=4, g=0.50",quantized,3,1,selected,1.119140625,4,499f4a50645bb879c7d11bef88e7c03c1206d892b87b035c08f9450c923610e2,,True,
tfim_pbc_n4_g0p50__quantized__p3__h1__full,tfim_pbc_n4_g0p50__quantized,A,"TFIM PBC N=4, g=0.50",quantized,3,1,full,1.140625,4,499f4a50645bb879c7d11bef88e7c03c1206d892b87b035c08f9450c923610e2,,False,1
tfim_pbc_n4_g0p50__quantized__p3__h2__selected,tfim_pbc_n4_g0p50__quantized,A,"TFIM PBC N=4, g=0.50",quantized,3,2,selected,1.119140625,4,499f4a50645bb879c7d11bef88e7c03c1206d892b87b035c08f9450c923610e2,,True,
tfim_pbc_n4_g0p50__quantized__p3__h2__full,tfim_pbc_n4_g0p50__quantized,A,"TFIM PBC N=4, g=0.50",quantized,3,2,full,1.140625,4,499f4a50645bb879c7d11bef88e7c03c1206d892b87b035c08f9450c923610e2,,False,"1,2"
tfim_pbc_n4_g1p00__floating__p2__h1__selected,tfim_pbc_n4_g1p00__floating,A,"TFIM PBC N=4, g=1.00",floating,2,1,selected,1.7308043394454913,4,4ea00fb970ef00d9e7dd5695a4a2bae52dd8adbba3d4f7c78cdfb2dc94c9028d,,False,"0,1"
tfim_pbc_n4_g1p00__floating__p2__h1__full,tfim_pbc_n4_g1p00__floating,A,"TFIM PBC N=4, g=1.00",floating,2,1,full,2.0553334879376455,4,4ea00fb970ef00d9e7dd5695a4a2bae52dd8adbba3d4f7c78cdfb2dc94c9028d,,False,"0,1"
tfim_pbc_n4_g1p00__floating__p2__h2__selected,tfim_pbc_n4_g1p00__floating,A,"TFIM PBC N=4, g=1.00",floating,2,2,selected,1.7308043394454913,4,4ea00fb970ef00d9e7dd5695a4a2bae52dd8adbba3d4f7c78cdfb2dc94c9028d,,False,"0,1"
tfim_pbc_n4_g1p00__floating__p2__h2__full,tfim_pbc_n4_g1p00__floating,A,"TFIM PBC N=4, g=1.00",floating,2,2,full,2.0553334879376455,4,4ea00fb970ef00d9e7dd5695a4a2bae52dd8adbba3d4f7c78cdfb2dc94c9028d,,False,"0,1,2"
tfim_pbc_n4_g1p00__floating__p3__h1__selected,tfim_pbc_n4_g1p00__floating,A,"TFIM PBC N=4, g=1.00",floating,3,1,selected,1.7308043394454913,4,4ea00fb970ef00d9e7dd5695a4a2bae52dd8adbba3d4f7c78cdfb2dc94c9028d,,False,"0,1"
tfim_pbc_n4_g1p00__floating__p3__h1__full,tfim_pbc_n4_g1p00__floating,A,"TFIM PBC N=4, g=1.00",floating,3,1,full,2.0553334879376455,4,4ea00fb970ef00d9e7dd5695a4a2bae52dd8adbba3d4f7c78cdfb2dc94c9028d,,False,"0,1"
tfim_pbc_n4_g1p00__floating__p3__h2__selected,tfim_pbc_n4_g1p00__floating,A,"TFIM PBC N=4, g=1.00",floating,3,2,selected,1.7308043394454913,4,4ea00fb970ef00d9e7dd5695a4a2bae52dd8adbba3d4f7c78cdfb2dc94c9028d,,False,"0,1"
tfim_pbc_n4_g1p00__floating__p3__h2__full,tfim_pbc_n4_g1p00__floating,A,"TFIM PBC N=4, g=1.00",floating,3,2,full,2.0553334879376455,4,4ea00fb970ef00d9e7dd5695a4a2bae52dd8adbba3d4f7c78cdfb2dc94c9028d,,False,"0,1,2"
tfim_pbc_n4_g1p00__quantized__p2__h1__selected,tfim_pbc_n4_g1p00__quantized,A,"TFIM PBC N=4, g=1.00",quantized,2,1,selected,1.73046875,4,7d7b9bbefb71261881e2ad3115814a3d0c9473e29a4434d5a3e2cac8fc7ec412,,True,
tfim_pbc_n4_g1p00__quantized__p2__h1__full,tfim_pbc_n4_g1p00__quantized,A,"TFIM PBC N=4, g=1.00",quantized,2,1,full,2.0556640625,4,7d7b9bbefb71261881e2ad3115814a3d0c9473e29a4434d5a3e2cac8fc7ec412,,False,1
tfim_pbc_n4_g1p00__quantized__p2__h2__selected,tfim_pbc_n4_g1p00__quantized,A,"TFIM PBC N=4, g=1.00",quantized,2,2,selected,1.73046875,4,7d7b9bbefb71261881e2ad3115814a3d0c9473e29a4434d5a3e2cac8fc7ec412,,True,
tfim_pbc_n4_g1p00__quantized__p2__h2__full,tfim_pbc_n4_g1p00__quantized,A,"TFIM PBC N=4, g=1.00",quantized,2,2,full,2.0556640625,4,7d7b9bbefb71261881e2ad3115814a3d0c9473e29a4434d5a3e2cac8fc7ec412,,False,"1,2"
tfim_pbc_n4_g1p00__quantized__p3__h1__selected,tfim_pbc_n4_g1p00__quantized,A,"TFIM PBC N=4, g=1.00",quantized,3,1,selected,1.73046875,4,7d7b9bbefb71261881e2ad3115814a3d0c9473e29a4434d5a3e2cac8fc7ec412,,True,
tfim_pbc_n4_g1p00__quantized__p3__h1__full,tfim_pbc_n4_g1p00__quantized,A,"TFIM PBC N=4, g=1.00",quantized,3,1,full,2.0556640625,4,7d7b9bbefb71261881e2ad3115814a3d0c9473e29a4434d5a3e2cac8fc7ec412,,False,1
tfim_pbc_n4_g1p00__quantized__p3__h2__selected,tfim_pbc_n4_g1p00__quantized,A,"TFIM PBC N=4, g=1.00",quantized,3,2,selected,1.73046875,4,7d7b9bbefb71261881e2ad3115814a3d0c9473e29a4434d5a3e2cac8fc7ec412,,True,
tfim_pbc_n4_g1p00__quantized__p3__h2__full,tfim_pbc_n4_g1p00__quantized,A,"TFIM PBC N=4, g=1.00",quantized,3,2,full,2.0556640625,4,7d7b9bbefb71261881e2ad3115814a3d0c9473e29a4434d5a3e2cac8fc7ec412,,False,"1,2"
tfim_pbc_n6_g0p50__floating__p2__h1__selected,tfim_pbc_n6_g0p50__floating,A,"TFIM PBC N=6, g=0.50",floating,2,1,selected,1.1276651550305354,6,a0d257bb4f737d25c696dc7bdf280458e54c9484cfefd9da0bf7245e8934510e,,False,"0,1"
tfim_pbc_n6_g0p50__floating__p2__h1__full,tfim_pbc_n6_g0p50__floating,A,"TFIM PBC N=6, g=0.50",floating,2,1,full,1.130663291251138,6,a0d257bb4f737d25c696dc7bdf280458e54c9484cfefd9da0bf7245e8934510e,,False,"0,1"
tfim_pbc_n6_g0p50__floating__p2__h2__selected,tfim_pbc_n6_g0p50__floating,A,"TFIM PBC N=6, g=0.50",floating,2,2,selected,1.1276651550305354,6,a0d257bb4f737d25c696dc7bdf280458e54c9484cfefd9da0bf7245e8934510e,,False,"0,1,2"
tfim_pbc_n6_g0p50__floating__p2__h2__full,tfim_pbc_n6_g0p50__floating,A,"TFIM PBC N=6, g=0.50",floating,2,2,full,1.130663291251138,6,a0d257bb4f737d25c696dc7bdf280458e54c9484cfefd9da0bf7245e8934510e,,False,"0,1,2"
tfim_pbc_n6_g0p50__floating__p3__h1__selected,tfim_pbc_n6_g0p50__floating,A,"TFIM PBC N=6, g=0.50",floating,3,1,selected,1.1276651550305354,6,a0d257bb4f737d25c696dc7bdf280458e54c9484cfefd9da0bf7245e8934510e,,False,"0,1"
tfim_pbc_n6_g0p50__floating__p3__h1__full,tfim_pbc_n6_g0p50__floating,A,"TFIM PBC N=6, g=0.50",floating,3,1,full,1.130663291251138,6,a0d257bb4f737d25c696dc7bdf280458e54c9484cfefd9da0bf7245e8934510e,,False,"0,1"
tfim_pbc_n6_g0p50__floating__p3__h2__selected,tfim_pbc_n6_g0p50__floating,A,"TFIM PBC N=6, g=0.50",floating,3,2,selected,1.1276651550305354,6,a0d257bb4f737d25c696dc7bdf280458e54c9484cfefd9da0bf7245e8934510e,,False,"0,1,2"
tfim_pbc_n6_g0p50__floating__p3__h2__full,tfim_pbc_n6_g0p50__floating,A,"TFIM PBC N=6, g=0.50",floating,3,2,full,1.130663291251138,6,a0d257bb4f737d25c696dc7bdf280458e54c9484cfefd9da0bf7245e8934510e,,False,"0,1,2"
tfim_pbc_n6_g0p50__quantized__p2__h1__selected,tfim_pbc_n6_g0p50__quantized,A,"TFIM PBC N=6, g=0.50",quantized,2,1,selected,1.1279296875,6,cadaccc66f23167e9032a740320f9d7ff6b727fd7d13226f7b89f3e7ecae281b,,False,1
tfim_pbc_n6_g0p50__quantized__p2__h1__full,tfim_pbc_n6_g0p50__quantized,A,"TFIM PBC N=6, g=0.50",quantized,2,1,full,1.130859375,6,cadaccc66f23167e9032a740320f9d7ff6b727fd7d13226f7b89f3e7ecae281b,,False,1
tfim_pbc_n6_g0p50__quantized__p2__h2__selected,tfim_pbc_n6_g0p50__quantized,A,"TFIM PBC N=6, g=0.50",quantized,2,2,selected,1.1279296875,6,cadaccc66f23167e9032a740320f9d7ff6b727fd7d13226f7b89f3e7ecae281b,,False,1
tfim_pbc_n6_g0p50__quantized__p2__h2__full,tfim_pbc_n6_g0p50__quantized,A,"TFIM PBC N=6, g=0.50",quantized,2,2,full,1.130859375,6,cadaccc66f23167e9032a740320f9d7ff6b727fd7d13226f7b89f3e7ecae281b,,False,"1,2"
tfim_pbc_n6_g0p50__quantized__p3__h1__selected,tfim_pbc_n6_g0p50__quantized,A,"TFIM PBC N=6, g=0.50",quantized,3,1,selected,1.1279296875,6,cadaccc66f23167e9032a740320f9d7ff6b727fd7d13226f7b89f3e7ecae281b,,False,1
tfim_pbc_n6_g0p50__quantized__p3__h1__full,tfim_pbc_n6_g0p50__quantized,A,"TFIM PBC N=6, g=0.50",quantized,3,1,full,1.130859375,6,cadaccc66f23167e9032a740320f9d7ff6b727fd7d13226f7b89f3e7ecae281b,,False,1
tfim_pbc_n6_g0p50__quantized__p3__h2__selected,tfim_pbc_n6_g0p50__quantized,A,"TFIM PBC N=6, g=0.50",quantized,3,2,selected,1.1279296875,6,cadaccc66f23167e9032a740320f9d7ff6b727fd7d13226f7b89f3e7ecae281b,,False,1
tfim_pbc_n6_g0p50__quantized__p3__h2__full,tfim_pbc_n6_g0p50__quantized,A,"TFIM PBC N=6, g=0.50",quantized,3,2,full,1.130859375,6,cadaccc66f23167e9032a740320f9d7ff6b727fd7d13226f7b89f3e7ecae281b,,False,"1,2"
tfim_pbc_n6_g1p00__floating__p2__h1__selected,tfim_pbc_n6_g1p00__floating,A,"TFIM PBC N=6, g=1.00",floating,2,1,selected,2.497817855094092,6,02dc5c8900dfce4c644db7737f84ab021e0abca9b3bac8e95776e378a83cd794,,False,"0,1"
tfim_pbc_n6_g1p00__floating__p2__h1__full,tfim_pbc_n6_g1p00__floating,A,"TFIM PBC N=6, g=1.00",floating,2,1,full,2.7097514512720444,6,02dc5c8900dfce4c644db7737f84ab021e0abca9b3bac8e95776e378a83cd794,,False,"0,1"
tfim_pbc_n6_g1p00__floating__p2__h2__selected,tfim_pbc_n6_g1p00__floating,A,"TFIM PBC N=6, g=1.00",floating,2,2,selected,2.497817855094092,6,02dc5c8900dfce4c644db7737f84ab021e0abca9b3bac8e95776e378a83cd794,,False,"0,1,2"
tfim_pbc_n6_g1p00__floating__p2__h2__full,tfim_pbc_n6_g1p00__floating,A,"TFIM PBC N=6, g=1.00",floating,2,2,full,2.7097514512720444,6,02dc5c8900dfce4c644db7737f84ab021e0abca9b3bac8e95776e378a83cd794,,False,"0,1,2"
tfim_pbc_n6_g1p00__floating__p3__h1__selected,tfim_pbc_n6_g1p00__floating,A,"TFIM PBC N=6, g=1.00",floating,3,1,selected,2.497817855094092,6,02dc5c8900dfce4c644db7737f84ab021e0abca9b3bac8e95776e378a83cd794,,False,"0,1"
tfim_pbc_n6_g1p00__floating__p3__h1__full,tfim_pbc_n6_g1p00__floating,A,"TFIM PBC N=6, g=1.00",floating,3,1,full,2.7097514512720444,6,02dc5c8900dfce4c644db7737f84ab021e0abca9b3bac8e95776e378a83cd794,,False,"0,1"
tfim_pbc_n6_g1p00__floating__p3__h2__selected,tfim_pbc_n6_g1p00__floating,A,"TFIM PBC N=6, g=1.00",floating,3,2,selected,2.497817855094092,6,02dc5c8900dfce4c644db7737f84ab021e0abca9b3bac8e95776e378a83cd794,,False,"0,1,2"
tfim_pbc_n6_g1p00__floating__p3__h2__full,tfim_pbc_n6_g1p00__floating,A,"TFIM PBC N=6, g=1.00",floating,3,2,full,2.7097514512720444,6,02dc5c8900dfce4c644db7737f84ab021e0abca9b3bac8e95776e378a83cd794,,False,"0,1,2"
tfim_pbc_n6_g1p00__quantized__p2__h1__selected,tfim_pbc_n6_g1p00__quantized,A,"TFIM PBC N=6, g=1.00",quantized,2,1,selected,2.498046875,6,4916ff089142ff497994fcd3b0d5568d4910231ac1393714fee82906519ee77d,,False,1
tfim_pbc_n6_g1p00__quantized__p2__h1__full,tfim_pbc_n6_g1p00__quantized,A,"TFIM PBC N=6, g=1.00",quantized,2,1,full,2.7099609375,6,4916ff089142ff497994fcd3b0d5568d4910231ac1393714fee82906519ee77d,,False,1
tfim_pbc_n6_g1p00__quantized__p2__h2__selected,tfim_pbc_n6_g1p00__quantized,A,"TFIM PBC N=6, g=1.00",quantized,2,2,selected,2.498046875,6,4916ff089142ff497994fcd3b0d5568d4910231ac1393714fee82906519ee77d,,False,1
tfim_pbc_n6_g1p00__quantized__p2__h2__full,tfim_pbc_n6_g1p00__quantized,A,"TFIM PBC N=6, g=1.00",quantized,2,2,full,2.7099609375,6,4916ff089142ff497994fcd3b0d5568d4910231ac1393714fee82906519ee77d,,False,"1,2"
tfim_pbc_n6_g1p00__quantized__p3__h1__selected,tfim_pbc_n6_g1p00__quantized,A,"TFIM PBC N=6, g=1.00",quantized,3,1,selected,2.498046875,6,4916ff089142ff497994fcd3b0d5568d4910231ac1393714fee82906519ee77d,,False,1
tfim_pbc_n6_g1p00__quantized__p3__h1__full,tfim_pbc_n6_g1p00__quantized,A,"TFIM PBC N=6, g=1.00",quantized,3,1,full,2.7099609375,6,4916ff089142ff497994fcd3b0d5568d4910231ac1393714fee82906519ee77d,,False,1
tfim_pbc_n6_g1p00__quantized__p3__h2__selected,tfim_pbc_n6_g1p00__quantized,A,"TFIM PBC N=6, g=1.00",quantized,3,2,selected,2.498046875,6,4916ff089142ff497994fcd3b0d5568d4910231ac1393714fee82906519ee77d,,False,1
tfim_pbc_n6_g1p00__quantized__p3__h2__full,tfim_pbc_n6_g1p00__quantized,A,"TFIM PBC N=6, g=1.00",quantized,3,2,full,2.7099609375,6,4916ff089142ff497994fcd3b0d5568d4910231ac1393714fee82906519ee77d,,False,"1,2"
square_patch_3x3__floating__p2__h1__selected,square_patch_3x3__floating,B,Square lattice patch 3x3,floating,2,1,selected,1.0,9,0a4a6107ee5a261ba16f1934982550fb46ebde089e6c395f973974574418c15b,bf551e661b73a098ad05d7fee24dc23a6a17258fd40b3d2da7cfa08ed6c1ce87,True,
square_patch_3x3__floating__p2__h1__full,square_patch_3x3__floating,B,Square lattice patch 3x3,floating,2,1,full,2.8284271247461903,9,0a4a6107ee5a261ba16f1934982550fb46ebde089e6c395f973974574418c15b,bf551e661b73a098ad05d7fee24dc23a6a17258fd40b3d2da7cfa08ed6c1ce87,False,1
square_patch_3x3__floating__p2__h2__selected,square_patch_3x3__floating,B,Square lattice patch 3x3,floating,2,2,selected,1.0,9,0a4a6107ee5a261ba16f1934982550fb46ebde089e6c395f973974574418c15b,bf551e661b73a098ad05d7fee24dc23a6a17258fd40b3d2da7cfa08ed6c1ce87,True,
square_patch_3x3__floating__p2__h2__full,square_patch_3x3__floating,B,Square lattice patch 3x3,floating,2,2,full,2.8284271247461903,9,0a4a6107ee5a261ba16f1934982550fb46ebde089e6c395f973974574418c15b,bf551e661b73a098ad05d7fee24dc23a6a17258fd40b3d2da7cfa08ed6c1ce87,False,"1,2"
square_patch_3x3__floating__p3__h1__selected,square_patch_3x3__floating,B,Square lattice patch 3x3,floating,3,1,selected,1.0,9,0a4a6107ee5a261ba16f1934982550fb46ebde089e6c395f973974574418c15b,bf551e661b73a098ad05d7fee24dc23a6a17258fd40b3d2da7cfa08ed6c1ce87,True,
square_patch_3x3__floating__p3__h1__full,square_patch_3x3__floating,B,Square lattice patch 3x3,floating,3,1,full,2.8284271247461903,9,0a4a6107ee5a261ba16f1934982550fb46ebde089e6c395f973974574418c15b,bf551e661b73a098ad05d7fee24dc23a6a17258fd40b3d2da7cfa08ed6c1ce87,False,1
square_patch_3x3__floating__p3__h2__selected,square_patch_3x3__floating,B,Square lattice patch 3x3,floating,3,2,selected,1.0,9,0a4a6107ee5a261ba16f1934982550fb46ebde089e6c395f973974574418c15b,bf551e661b73a098ad05d7fee24dc23a6a17258fd40b3d2da7cfa08ed6c1ce87,True,
square_patch_3x3__floating__p3__h2__full,square_patch_3x3__floating,B,Square lattice patch 3x3,floating,3,2,full,2.8284271247461903,9,0a4a6107ee5a261ba16f1934982550fb46ebde089e6c395f973974574418c15b,bf551e661b73a098ad05d7fee24dc23a6a17258fd40b3d2da7cfa08ed6c1ce87,False,"1,2"
square_patch_3x3__quantized__p2__h1__selected,square_patch_3x3__quantized,B,Square lattice patch 3x3,quantized,2,1,selected,1.0,9,6b119c77f3a9336acae9ac65d34873c74f5413135bd97ce88f619114799122bd,bf551e661b73a098ad05d7fee24dc23a6a17258fd40b3d2da7cfa08ed6c1ce87,True,
square_patch_3x3__quantized__p2__h1__full,square_patch_3x3__quantized,B,Square lattice patch 3x3,quantized,2,1,full,2.828125,9,6b119c77f3a9336acae9ac65d34873c74f5413135bd97ce88f619114799122bd,bf551e661b73a098ad05d7fee24dc23a6a17258fd40b3d2da7cfa08ed6c1ce87,False,1
square_patch_3x3__quantized__p2__h2__selected,square_patch_3x3__quantized,B,Square lattice patch 3x3,quantized,2,2,selected,1.0,9,6b119c77f3a9336acae9ac65d34873c74f5413135bd97ce88f619114799122bd,bf551e661b73a098ad05d7fee24dc23a6a17258fd40b3d2da7cfa08ed6c1ce87,True,
square_patch_3x3__quantized__p2__h2__full,square_patch_3x3__quantized,B,Square lattice patch 3x3,quantized,2,2,full,2.828125,9,6b119c77f3a9336acae9ac65d34873c74f5413135bd97ce88f619114799122bd,bf551e661b73a098ad05d7fee24dc23a6a17258fd40b3d2da7cfa08ed6c1ce87,False,"1,2"
square_patch_3x3__quantized__p3__h1__selected,square_patch_3x3__quantized,B,Square lattice patch 3x3,quantized,3,1,selected,1.0,9,6b119c77f3a9336acae9ac65d34873c74f5413135bd97ce88f619114799122bd,bf551e661b73a098ad05d7fee24dc23a6a17258fd40b3d2da7cfa08ed6c1ce87,True,
square_patch_3x3__quantized__p3__h1__full,square_patch_3x3__quantized,B,Square lattice patch 3x3,quantized,3,1,full,2.828125,9,6b119c77f3a9336acae9ac65d34873c74f5413135bd97ce88f619114799122bd,bf551e661b73a098ad05d7fee24dc23a6a17258fd40b3d2da7cfa08ed6c1ce87,False,1
square_patch_3x3__quantized__p3__h2__selected,square_patch_3x3__quantized,B,Square lattice patch 3x3,quantized,3,2,selected,1.0,9,6b119c77f3a9336acae9ac65d34873c74f5413135bd97ce88f619114799122bd,bf551e661b73a098ad05d7fee24dc23a6a17258fd40b3d2da7cfa08ed6c1ce87,True,
square_patch_3x3__quantized__p3__h2__full,square_patch_3x3__quantized,B,Square lattice patch 3x3,quantized,3,2,full,2.828125,9,6b119c77f3a9336acae9ac65d34873c74f5413135bd97ce88f619114799122bd,bf551e661b73a098ad05d7fee24dc23a6a17258fd40b3d2da7cfa08ed6c1ce87,False,"1,2"
triangular_patch_3x3__floating__p2__h1__selected,triangular_patch_3x3__floating,B,Triangular lattice patch 3x3,floating,2,1,selected,1.0,9,68a205222b6cf638152e65dea88840d7a0d0088e137dc720e81be2b6f082da8c,18c96164d56b58ad10bdc1916e6ae0cb4de2ebfcb782ea2b2ab7617f454398ad,False,"0,1"
triangular_patch_3x3__floating__p2__h1__full,triangular_patch_3x3__floating,B,Triangular lattice patch 3x3,floating,2,1,full,2.6457513110645907,9,68a205222b6cf638152e65dea88840d7a0d0088e137dc720e81be2b6f082da8c,18c96164d56b58ad10bdc1916e6ae0cb4de2ebfcb782ea2b2ab7617f454398ad,False,"0,1"
triangular_patch_3x3__floating__p2__h2__selected,triangular_patch_3x3__floating,B,Triangular lattice patch 3x3,floating,2,2,selected,1.0,9,68a205222b6cf638152e65dea88840d7a0d0088e137dc720e81be2b6f082da8c,18c96164d56b58ad10bdc1916e6ae0cb4de2ebfcb782ea2b2ab7617f454398ad,False,"0,1"
triangular_patch_3x3__floating__p2__h2__full,triangular_patch_3x3__floating,B,Triangular lattice patch 3x3,floating,2,2,full,2.6457513110645907,9,68a205222b6cf638152e65dea88840d7a0d0088e137dc720e81be2b6f082da8c,18c96164d56b58ad10bdc1916e6ae0cb4de2ebfcb782ea2b2ab7617f454398ad,False,"0,1,2"
triangular_patch_3x3__floating__p3__h1__selected,triangular_patch_3x3__floating,B,Triangular lattice patch 3x3,floating,3,1,selected,1.0,9,68a205222b6cf638152e65dea88840d7a0d0088e137dc720e81be2b6f082da8c,18c96164d56b58ad10bdc1916e6ae0cb4de2ebfcb782ea2b2ab7617f454398ad,False,"0,1"
triangular_patch_3x3__floating__p3__h1__full,triangular_patch_3x3__floating,B,Triangular lattice patch 3x3,floating,3,1,full,2.6457513110645907,9,68a205222b6cf638152e65dea88840d7a0d0088e137dc720e81be2b6f082da8c,18c96164d56b58ad10bdc1916e6ae0cb4de2ebfcb782ea2b2ab7617f454398ad,False,"0,1"
triangular_patch_3x3__floating__p3__h2__selected,triangular_patch_3x3__floating,B,Triangular lattice patch 3x3,floating,3,2,selected,1.0,9,68a205222b6cf638152e65dea88840d7a0d0088e137dc720e81be2b6f082da8c,18c96164d56b58ad10bdc1916e6ae0cb4de2ebfcb782ea2b2ab7617f454398ad,False,"0,1"
triangular_patch_3x3__floating__p3__h2__full,triangular_patch_3x3__floating,B,Triangular lattice patch 3x3,floating,3,2,full,2.6457513110645907,9,68a205222b6cf638152e65dea88840d7a0d0088e137dc720e81be2b6f082da8c,18c96164d56b58ad10bdc1916e6ae0cb4de2ebfcb782ea2b2ab7617f454398ad,False,"0,1,2"
triangular_patch_3x3__quantized__p2__h1__selected,triangular_patch_3x3__quantized,B,Triangular lattice patch 3x3,quantized,2,1,selected,1.0,9,5879f7278c859f98888eb94312ae9813cab89a5318769dc3be01abf79d7ca6b8,18c96164d56b58ad10bdc1916e6ae0cb4de2ebfcb782ea2b2ab7617f454398ad,False,1
triangular_patch_3x3__quantized__p2__h1__full,triangular_patch_3x3__quantized,B,Triangular lattice patch 3x3,quantized,2,1,full,2.6455078125,9,5879f7278c859f98888eb94312ae9813cab89a5318769dc3be01abf79d7ca6b8,18c96164d56b58ad10bdc1916e6ae0cb4de2ebfcb782ea2b2ab7617f454398ad,False,1
triangular_patch_3x3__quantized__p2__h2__selected,triangular_patch_3x3__quantized,B,Triangular lattice patch 3x3,quantized,2,2,selected,1.0,9,5879f7278c859f98888eb94312ae9813cab89a5318769dc3be01abf79d7ca6b8,18c96164d56b58ad10bdc1916e6ae0cb4de2ebfcb782ea2b2ab7617f454398ad,False,1
triangular_patch_3x3__quantized__p2__h2__full,triangular_patch_3x3__quantized,B,Triangular lattice patch 3x3,quantized,2,2,full,2.6455078125,9,5879f7278c859f98888eb94312ae9813cab89a5318769dc3be01abf79d7ca6b8,18c96164d56b58ad10bdc1916e6ae0cb4de2ebfcb782ea2b2ab7617f454398ad,False,"1,2"
triangular_patch_3x3__quantized__p3__h1__selected,triangular_patch_3x3__quantized,B,Triangular lattice patch 3x3,quantized,3,1,selected,1.0,9,5879f7278c859f98888eb94312ae9813cab89a5318769dc3be01abf79d7ca6b8,18c96164d56b58ad10bdc1916e6ae0cb4de2ebfcb782ea2b2ab7617f454398ad,False,1
triangular_patch_3x3__quantized__p3__h1__full,triangular_patch_3x3__quantized,B,Triangular lattice patch 3x3,quantized,3,1,full,2.6455078125,9,5879f7278c859f98888eb94312ae9813cab89a5318769dc3be01abf79d7ca6b8,18c96164d56b58ad10bdc1916e6ae0cb4de2ebfcb782ea2b2ab7617f454398ad,False,1
triangular_patch_3x3__quantized__p3__h2__selected,triangular_patch_3x3__quantized,B,Triangular lattice patch 3x3,quantized,3,2,selected,1.0,9,5879f7278c859f98888eb94312ae9813cab89a5318769dc3be01abf79d7ca6b8,18c96164d56b58ad10bdc1916e6ae0cb4de2ebfcb782ea2b2ab7617f454398ad,False,1
triangular_patch_3x3__quantized__p3__h2__full,triangular_patch_3x3__quantized,B,Triangular lattice patch 3x3,quantized,3,2,full,2.6455078125,9,5879f7278c859f98888eb94312ae9813cab89a5318769dc3be01abf79d7ca6b8,18c96164d56b58ad10bdc1916e6ae0cb4de2ebfcb782ea2b2ab7617f454398ad,False,"1,2"
honeycomb_patch_2x2__floating__p2__h1__selected,honeycomb_patch_2x2__floating,B,Honeycomb patch 2x2 cells,floating,2,1,selected,1.0,8,2b43da87ebce7a96c1f9aab3397c8ed4674fb09fab532690fcf40dc09531841d,78a86da9e19a1f925ae1ea9176b460465de8766b416156a969562ea96784a389,False,0
honeycomb_patch_2x2__floating__p2__h1__full,honeycomb_patch_2x2__floating,B,Honeycomb patch 2x2 cells,floating,2,1,full,4.0,8,2b43da87ebce7a96c1f9aab3397c8ed4674fb09fab532690fcf40dc09531841d,78a86da9e19a1f925ae1ea9176b460465de8766b416156a969562ea96784a389,False,"0,1"
honeycomb_patch_2x2__floating__p2__h2__selected,honeycomb_patch_2x2__floating,B,Honeycomb patch 2x2 cells,floating,2,2,selected,1.0,8,2b43da87ebce7a96c1f9aab3397c8ed4674fb09fab532690fcf40dc09531841d,78a86da9e19a1f925ae1ea9176b460465de8766b416156a969562ea96784a389,False,0
honeycomb_patch_2x2__floating__p2__h2__full,honeycomb_patch_2x2__floating,B,Honeycomb patch 2x2 cells,floating,2,2,full,4.0,8,2b43da87ebce7a96c1f9aab3397c8ed4674fb09fab532690fcf40dc09531841d,78a86da9e19a1f925ae1ea9176b460465de8766b416156a969562ea96784a389,False,"0,1,2"
honeycomb_patch_2x2__floating__p3__h1__selected,honeycomb_patch_2x2__floating,B,Honeycomb patch 2x2 cells,floating,3,1,selected,1.0,8,2b43da87ebce7a96c1f9aab3397c8ed4674fb09fab532690fcf40dc09531841d,78a86da9e19a1f925ae1ea9176b460465de8766b416156a969562ea96784a389,False,0
honeycomb_patch_2x2__floating__p3__h1__full,honeycomb_patch_2x2__floating,B,Honeycomb patch 2x2 cells,floating,3,1,full,4.0,8,2b43da87ebce7a96c1f9aab3397c8ed4674fb09fab532690fcf40dc09531841d,78a86da9e19a1f925ae1ea9176b460465de8766b416156a969562ea96784a389,False,"0,1"
honeycomb_patch_2x2__floating__p3__h2__selected,honeycomb_patch_2x2__floating,B,Honeycomb patch 2x2 cells,floating,3,2,selected,1.0,8,2b43da87ebce7a96c1f9aab3397c8ed4674fb09fab532690fcf40dc09531841d,78a86da9e19a1f925ae1ea9176b460465de8766b416156a969562ea96784a389,False,0
honeycomb_patch_2x2__floating__p3__h2__full,honeycomb_patch_2x2__floating,B,Honeycomb patch 2x2 cells,floating,3,2,full,4.0,8,2b43da87ebce7a96c1f9aab3397c8ed4674fb09fab532690fcf40dc09531841d,78a86da9e19a1f925ae1ea9176b460465de8766b416156a969562ea96784a389,False,"0,1,2"
honeycomb_patch_2x2__quantized__p2__h1__selected,honeycomb_patch_2x2__quantized,B,Honeycomb patch 2x2 cells,quantized,2,1,selected,1.0,8,905c07d43ffe7f3eca37b40868b5269076dca361b0bfde16bb93c90d04344b98,78a86da9e19a1f925ae1ea9176b460465de8766b416156a969562ea96784a389,True,
honeycomb_patch_2x2__quantized__p2__h1__full,honeycomb_patch_2x2__quantized,B,Honeycomb patch 2x2 cells,quantized,2,1,full,4.0,8,905c07d43ffe7f3eca37b40868b5269076dca361b0bfde16bb93c90d04344b98,78a86da9e19a1f925ae1ea9176b460465de8766b416156a969562ea96784a389,False,1
honeycomb_patch_2x2__quantized__p2__h2__selected,honeycomb_patch_2x2__quantized,B,Honeycomb patch 2x2 cells,quantized,2,2,selected,1.0,8,905c07d43ffe7f3eca37b40868b5269076dca361b0bfde16bb93c90d04344b98,78a86da9e19a1f925ae1ea9176b460465de8766b416156a969562ea96784a389,True,
honeycomb_patch_2x2__quantized__p2__h2__full,honeycomb_patch_2x2__quantized,B,Honeycomb patch 2x2 cells,quantized,2,2,full,4.0,8,905c07d43ffe7f3eca37b40868b5269076dca361b0bfde16bb93c90d04344b98,78a86da9e19a1f925ae1ea9176b460465de8766b416156a969562ea96784a389,False,"1,2"
honeycomb_patch_2x2__quantized__p3__h1__selected,honeycomb_patch_2x2__quantized,B,Honeycomb patch 2x2 cells,quantized,3,1,selected,1.0,8,905c07d43ffe7f3eca37b40868b5269076dca361b0bfde16bb93c90d04344b98,78a86da9e19a1f925ae1ea9176b460465de8766b416156a969562ea96784a389,True,
honeycomb_patch_2x2__quantized__p3__h1__full,honeycomb_patch_2x2__quantized,B,Honeycomb patch 2x2 cells,quantized,3,1,full,4.0,8,905c07d43ffe7f3eca37b40868b5269076dca361b0bfde16bb93c90d04344b98,78a86da9e19a1f925ae1ea9176b460465de8766b416156a969562ea96784a389,False,1
honeycomb_patch_2x2__quantized__p3__h2__selected,honeycomb_patch_2x2__quantized,B,Honeycomb patch 2x2 cells,quantized,3,2,selected,1.0,8,905c07d43ffe7f3eca37b40868b5269076dca361b0bfde16bb93c90d04344b98,78a86da9e19a1f925ae1ea9176b460465de8766b416156a969562ea96784a389,True,
honeycomb_patch_2x2__quantized__p3__h2__full,honeycomb_patch_2x2__quantized,B,Honeycomb patch 2x2 cells,quantized,3,2,full,4.0,8,905c07d43ffe7f3eca37b40868b5269076dca361b0bfde16bb93c90d04344b98,78a86da9e19a1f925ae1ea9176b460465de8766b416156a969562ea96784a389,False,"1,2"
nacl_coordination_shell__floating__p2__h1__selected,nacl_coordination_shell__floating,B,NaCl-style coordination shell,floating,2,1,selected,1.0,7,5a31949863d65f482acbbd24d5b5df04f640b4d56b8a487c78bbb879bc0d6205,a0ad1bb9cf033b438bab5413c132aabc212fb8864bb814c157fd9b67c1797569,True,
nacl_coordination_shell__floating__p2__h1__full,nacl_coordination_shell__floating,B,NaCl-style coordination shell,floating,2,1,full,2.0,7,5a31949863d65f482acbbd24d5b5df04f640b4d56b8a487c78bbb879bc0d6205,a0ad1bb9cf033b438bab5413c132aabc212fb8864bb814c157fd9b67c1797569,False,1
nacl_coordination_shell__floating__p2__h2__selected,nacl_coordination_shell__floating,B,NaCl-style coordination shell,floating,2,2,selected,1.0,7,5a31949863d65f482acbbd24d5b5df04f640b4d56b8a487c78bbb879bc0d6205,a0ad1bb9cf033b438bab5413c132aabc212fb8864bb814c157fd9b67c1797569,True,
nacl_coordination_shell__floating__p2__h2__full,nacl_coordination_shell__floating,B,NaCl-style coordination shell,floating,2,2,full,2.0,7,5a31949863d65f482acbbd24d5b5df04f640b4d56b8a487c78bbb879bc0d6205,a0ad1bb9cf033b438bab5413c132aabc212fb8864bb814c157fd9b67c1797569,False,"1,2"
nacl_coordination_shell__floating__p3__h1__selected,nacl_coordination_shell__floating,B,NaCl-style coordination shell,floating,3,1,selected,1.0,7,5a31949863d65f482acbbd24d5b5df04f640b4d56b8a487c78bbb879bc0d6205,a0ad1bb9cf033b438bab5413c132aabc212fb8864bb814c157fd9b67c1797569,True,
nacl_coordination_shell__floating__p3__h1__full,nacl_coordination_shell__floating,B,NaCl-style coordination shell,floating,3,1,full,2.0,7,5a31949863d65f482acbbd24d5b5df04f640b4d56b8a487c78bbb879bc0d6205,a0ad1bb9cf033b438bab5413c132aabc212fb8864bb814c157fd9b67c1797569,False,1
nacl_coordination_shell__floating__p3__h2__selected,nacl_coordination_shell__floating,B,NaCl-style coordination shell,floating,3,2,selected,1.0,7,5a31949863d65f482acbbd24d5b5df04f640b4d56b8a487c78bbb879bc0d6205,a0ad1bb9cf033b438bab5413c132aabc212fb8864bb814c157fd9b67c1797569,True,
nacl_coordination_shell__floating__p3__h2__full,nacl_coordination_shell__floating,B,NaCl-style coordination shell,floating,3,2,full,2.0,7,5a31949863d65f482acbbd24d5b5df04f640b4d56b8a487c78bbb879bc0d6205,a0ad1bb9cf033b438bab5413c132aabc212fb8864bb814c157fd9b67c1797569,False,"1,2"
nacl_coordination_shell__quantized__p2__h1__selected,nacl_coordination_shell__quantized,B,NaCl-style coordination shell,quantized,2,1,selected,1.0,7,4664e10abe61486076e41650bc39203875f5d57e14e39e7f603dd74034bd4b25,a0ad1bb9cf033b438bab5413c132aabc212fb8864bb814c157fd9b67c1797569,True,
nacl_coordination_shell__quantized__p2__h1__full,nacl_coordination_shell__quantized,B,NaCl-style coordination shell,quantized,2,1,full,2.0,7,4664e10abe61486076e41650bc39203875f5d57e14e39e7f603dd74034bd4b25,a0ad1bb9cf033b438bab5413c132aabc212fb8864bb814c157fd9b67c1797569,False,1
nacl_coordination_shell__quantized__p2__h2__selected,nacl_coordination_shell__quantized,B,NaCl-style coordination shell,quantized,2,2,selected,1.0,7,4664e10abe61486076e41650bc39203875f5d57e14e39e7f603dd74034bd4b25,a0ad1bb9cf033b438bab5413c132aabc212fb8864bb814c157fd9b67c1797569,True,
nacl_coordination_shell__quantized__p2__h2__full,nacl_coordination_shell__quantized,B,NaCl-style coordination shell,quantized,2,2,full,2.0,7,4664e10abe61486076e41650bc39203875f5d57e14e39e7f603dd74034bd4b25,a0ad1bb9cf033b438bab5413c132aabc212fb8864bb814c157fd9b67c1797569,False,"1,2"
nacl_coordination_shell__quantized__p3__h1__selected,nacl_coordination_shell__quantized,B,NaCl-style coordination shell,quantized,3,1,selected,1.0,7,4664e10abe61486076e41650bc39203875f5d57e14e39e7f603dd74034bd4b25,a0ad1bb9cf033b438bab5413c132aabc212fb8864bb814c157fd9b67c1797569,True,
nacl_coordination_shell__quantized__p3__h1__full,nacl_coordination_shell__quantized,B,NaCl-style coordination shell,quantized,3,1,full,2.0,7,4664e10abe61486076e41650bc39203875f5d57e14e39e7f603dd74034bd4b25,a0ad1bb9cf033b438bab5413c132aabc212fb8864bb814c157fd9b67c1797569,False,1
nacl_coordination_shell__quantized__p3__h2__selected,nacl_coordination_shell__quantized,B,NaCl-style coordination shell,quantized,3,2,selected,1.0,7,4664e10abe61486076e41650bc39203875f5d57e14e39e7f603dd74034bd4b25,a0ad1bb9cf033b438bab5413c132aabc212fb8864bb814c157fd9b67c1797569,True,
nacl_coordination_shell__quantized__p3__h2__full,nacl_coordination_shell__quantized,B,NaCl-style coordination shell,quantized,3,2,full,2.0,7,4664e10abe61486076e41650bc39203875f5d57e14e39e7f603dd74034bd4b25,a0ad1bb9cf033b438bab5413c132aabc212fb8864bb814c157fd9b67c1797569,False,"1,2"
